Cruise,Event,Net,Gear,Start,End,Station,Reference,Stratified,D/N,Start Lat,Start Long,End Lat,End Long,Duration,Distance (m),Speed Mean,Water Depth Mean,Net Depth Min,Net Depth Max,Comments
JR161,41,1,RMT25,2006-10-28,2006-10-28,WS,"Collins et al., 2012",Target,D,-57.67511,-50.39287,-57.6567,-50.934,00:26,,,,107,202,
JR161,41,2,RMT25,2006-10-28,2006-10-28,WS,"Collins et al., 2012",Target,D,-57.6493,-50.3941,-57.6254,-50.3971,00:29,,,,26,88,
JR161,42,1,RMT25,2006-10-29,2006-10-29,WS,"Collins et al., 2012",Stratified,N,-57.67214,-50.42444,-57.60207,-50.46776,00:47,8611,2.71,4089,1,1008,
JR161,42,2,RMT25,2006-10-29,2006-10-29,WS,"Collins et al., 2012",Stratified,N,-57.60167,-50.46807,-57.57198,-50.4876,00:45,3669,2.76,4092,386,680,Cod-end lost no catch
JR161,43,1,RMT25,2006-10-29,2006-10-29,WS,"Collins et al., 2012",Stratified,N,-57.51337,-50.50643,-57.48799,-50.50855,00:33,2921,2.43,3864,192,391,
JR161,43,2,RMT25,2006-10-29,2006-10-29,WS,"Collins et al., 2012",Stratified,N,-57.48667,-50.50873,-57.46152,-50.51333,00:32,2915,2.51,3754,19,178,
JR161,55,1,RMT25,2006-10-29,2006-10-29,WS,"Collins et al., 2012",Stratified,D,-57.75019,-50.46501,-57.7547,-50.49047,00:20,1722,2.62,4114,57,71,
JR161,55,2,RMT25,2006-10-29,2006-10-29,WS,"Collins et al., 2012",Stratified,D,-57.75524,-50.49333,-57.7598,-50.51796,00:20,1678,2.67,4100,18,78,
JR161,56,1,RMT25,2006-10-30,2006-10-30,WS,"Collins et al., 2012",Stratified,N,-57.77525,-50.57629,-57.79043,-50.62922,00:48,3891,2.75,4100,403,699,Repeat of 42/2
JR161,56,2,RMT25,2006-10-30,2006-10-30,WS,"Collins et al., 2012",Stratified,N,-57.79056,-50.63007,-57.79644,-50.66831,00:33,2567,2.79,4081,163,411,
JR161,58,1,RMT25,2006-10-30,2006-10-30,WS,"Collins et al., 2012",Stratified,D,-57.77634,-50.3472,-57.76283,-50.38178,00:32,2760,2.67,4149,200,399,
JR161,58,2,RMT25,2006-10-30,2006-10-30,WS,"Collins et al., 2012",Stratified,D,-57.76238,-50.38308,-57.75009,-50.41592,00:32,2601,2.78,4137,26,199,
JR161,59,1,RMT25,2006-10-30,2006-10-30,WS,"Collins et al., 2012",Stratified,D,-57.70778,-50.45635,-57.6868,-50.46611,00:39,2625,2.63,4150,704,997,
JR161,59,2,RMT25,2006-10-30,2006-10-30,WS,"Collins et al., 2012",Stratified,D,-57.68602,-50.46643,-57.66338,-50.47959,00:40,2828,2.75,4155,402,699,
JR161,71,1,RMT25,2006-10-31,2006-10-31,SS,"Collins et al., 2012",Stratified,D,-60.69847,-48.68988,-60.68188,-48.69846,00:20,1972,2.7,1626,34,65,
JR161,71,2,RMT25,2006-10-31,2006-10-31,SS,"Collins et al., 2012",Stratified,D,-60.6812,-48.69867,-60.65663,-48.70299,00:32,2868,2.68,1664,1,40,
JR161,73,1,RMT25,2006-11-01,2006-11-01,SS,"Collins et al., 2012",Stratified,N,-60.5001,-48.75527,-60.46887,-48.76666,00:40,3660,2.37,1548,700,980,
JR161,73,2,RMT25,2006-11-01,2006-11-01,SS,"Collins et al., 2012",Stratified,N,-60.4669,-48.7677,-60.43888,-48.78412,00:36,3374,2.44,1631,403,702,
JR161,84,1,RMT25,2006-11-02,2006-11-02,SS,"Collins et al., 2012",Stratified,N,-60.55439,-48.92697,-60.53847,-48.97237,00:35,3250,2.62,1508,200,403,
JR161,84,2,RMT25,2006-11-02,2006-11-02,SS,"Collins et al., 2012",Stratified,N,-60.53822,-48.97283,-60.52341,-49.02166,00:35,3337,2.72,1500,13,201,
JR161,85,1,RMT25,2006-11-02,2006-11-02,SS,"Collins et al., 2012",Stratified,N,-60.5141,-49.07208,-60.5075,-49.1053,00:20,2072,2.73,1542,23,39,
JR161,85,2,RMT25,2006-11-02,2006-11-02,SS,"Collins et al., 2012",Stratified,N,-60.50742,-49.10584,-60.50155,-49.13384,00:19,1795,2.56,1552,14,31,
JR161,91,1,RMT25,2006-11-02,2006-11-02,SS,"Collins et al., 2012",Stratified,D,-60.62746,-48.81854,-60.61109,-48.89833,00:50,4997,2.6,1541,701,995,
JR161,91,2,RMT25,2006-11-02,2006-11-02,SS,"Collins et al., 2012",Stratified,D,-60.61089,-48.89922,-60.59142,-48.98879,00:54,5633,2.77,1499,402,701,
JR161,92,1,RMT25,2006-11-02,2006-11-02,SS,"Collins et al., 2012",Stratified,D,-60.57396,-49.10694,-60.57195,-49.1609,00:33,3071,2.67,1556,203,405,
JR161,92,2,RMT25,2006-11-02,2006-11-02,SS,"Collins et al., 2012",Stratified,D,-60.57192,-49.1616,-60.56622,-49.22037,00:37,3463,2.7,1556,13,217,
JR161,95,1,RMT25,2006-11-04,2006-11-04,AFI,"Collins et al., 2012",Stratified,D,-60.70516,-43.94998,-60.69457,-43.9984,00:30,3046,2.56,254,98,203,
JR161,95,2,RMT25,2006-11-04,2006-11-04,AFI,"Collins et al., 2012",Stratified,D,-60.69435,-43.99911,-60.67983,-44.04906,00:30,3265,2.7,270,9,104,
JR161,96,1,RMT25,2006-11-04,2006-11-04,AFI,"Collins et al., 2012",Stratified,D,-60.71881,-43.94158,-60.69872,-43.96721,00:24,2691,2.66,239,97,195,
JR161,96,2,RMT25,2006-11-04,2006-11-04,AFI,"Collins et al., 2012",Stratified,D,-60.6983,-43.96781,-60.67868,-43.99871,00:25,2804,2.6,270,6,102,
JR161,98,1,RMT25,2006-11-05,2006-11-05,AFI,"Collins et al., 2012",Stratified,N,-60.73237,-43.99794,-60.71496,-44.02646,00:25,2516,2.69,225,99,183,
JR161,98,2,RMT25,2006-11-05,2006-11-05,AFI,"Collins et al., 2012",Stratified,N,-60.71467,-44.02708,-60.69903,-44.0599,00:25,2521,2.64,258,10,108,
JR161,106,1,RMT25,2006-11-06,2006-11-06,SS,"Collins et al., 2012",Stratified,N,-60.49227,-44.68703,-60.48177,-44.74763,00:34,3699,2.55,950,201,403,
JR161,106,2,RMT25,2006-11-06,2006-11-06,SS,"Collins et al., 2012",Stratified,N,-60.48162,-44.74851,-60.46682,-44.80736,00:35,3805,2.59,1024,10,206,
JR161,107,1,RMT25,2006-11-06,2006-11-06,SS,"Collins et al., 2012",Stratified,N,-60.47666,-44.74474,-60.46908,-44.77694,00:20,2059,2.42,1050,18,46,
JR161,107,2,RMT25,2006-11-06,2006-11-06,SS,"Collins et al., 2012",Stratified,N,-60.46897,-44.77733,-60.46397,-44.80226,00:14,1550,2.55,1110,3,32,
JR161,114,1,RMT25,2006-11-06,2006-11-06,SS,"Collins et al., 2012",Stratified,D,-60.43353,-44.50918,-60.42614,-44.56376,00:35,3289,2.14,1158,695,922,
JR161,114,2,RMT25,2006-11-06,2006-11-06,SS,"Collins et al., 2012",Stratified,D,-60.4261,-44.56411,-60.42007,-44.62856,00:43,3791,2.09,1231,398,697,
JR161,115,1,RMT25,2006-11-06,2006-11-06,SS,"Collins et al., 2012",Stratified,D,-60.47911,-44.48624,-60.45812,-44.53741,00:37,3759,2.28,611,199,402,
JR161,115,2,RMT25,2006-11-06,2006-11-06,SS,"Collins et al., 2012",Stratified,D,-60.45753,-44.53878,-60.43462,-44.57896,00:35,3439,2.31,774,9,198,
JR161,117,1,RMT25,2006-11-06,2006-11-06,SS,"Collins et al., 2012",Stratified,D,-60.42583,-44.67226,-60.41182,-44.67249,00:16,1576,2.53,1223,47,97,
JR161,117,2,RMT25,2006-11-06,2006-11-06,SS,"Collins et al., 2012",Stratified,D,-60.40877,-44.67425,-60.4017,-44.68526,00:10,1022,2.57,1670,11,44,
JR161,118,1,RMT25,2006-11-07,2006-11-07,SS,"Collins et al., 2012",Stratified,N,-60.43152,-44.37109,-60.41861,-44.41381,00:31,3001,2.31,2021,700,852,
JR161,118,2,RMT25,2006-11-07,2006-11-07,SS,"Collins et al., 2012",Stratified,N,-60.41857,-44.41469,-60.41171,-44.54394,01:12,7414,2.47,1777,1,705,net 2 closed?
JR161,123,1,RMT25,2006-11-07,2006-11-07,SS,"Collins et al., 2012",Stratified,D,-59.67883,-43.93053,-59.67439,-43.94013,00:07,755,2.7,4188,28,48,Net 1 did not close
JR161,123,2,RMT25,2006-11-07,2006-11-07,SS,"Collins et al., 2012",Stratified,D,-59.67358,-43.9418,-59.67198,-43.94496,00:02,257,2.57,4190,21,34,Did not open
JR161,134,1,RMT25,2006-11-08,2006-11-09,SS,"Collins et al., 2012",Stratified,N,-59.6299,-44.14155,-59.61031,-44.18815,00:39,3583,2.67,3563,700,989,
JR161,134,2,RMT25,2006-11-09,2006-11-09,SS,"Collins et al., 2012",Stratified,N,-59.60944,-44.19001,-59.59087,-44.2349,00:36,3429,2.64,3498,400,697,
JR161,135,1,RMT25,2006-11-09,2006-11-09,SS,"Collins et al., 2012",Stratified,N,-59.60788,-44.19187,-59.59613,-44.21156,00:20,1794,2.76,3511,34,50,
JR161,135,2,RMT25,2006-11-09,2006-11-09,SS,"Collins et al., 2012",Stratified,N,-59.59569,-44.21229,-59.58361,-44.23272,00:20,1852,2.75,3491,16,37,
JR161,136,1,RMT25,2006-11-09,2006-11-09,SS,"Collins et al., 2012",Stratified,N,-59.55093,-44.28753,-59.53039,-44.31959,00:31,3016,2.62,2906,200,400,
JR161,136,2,RMT25,2006-11-09,2006-11-09,SS,"Collins et al., 2012",Stratified,N,-59.53026,-44.3198,-59.51272,-44.3461,00:25,2540,2.64,2589,64,200,Closed early by mistake
JR161,142,1,RMT25,2006-11-09,2006-11-09,SS,"Collins et al., 2012",Stratified,D,-59.61179,-44.09184,-59.58138,-44.12794,00:38,4124,2.56,3692,698,994,
JR161,142,2,RMT25,2006-11-09,2006-11-09,SS,"Collins et al., 2012",Stratified,D,-59.58126,-44.12821,-59.55287,-44.19622,00:49,5144,2.68,3518,400,701,
JR161,143,1,RMT25,2006-11-09,2006-11-09,SS,"Collins et al., 2012",Stratified,D,-59.51579,-44.32349,-59.50178,-44.38254,00:36,3861,2.66,2275,196,401,
JR161,143,2,RMT25,2006-11-09,2006-11-09,SS,"Collins et al., 2012",Stratified,D,-59.50157,-44.38363,-59.49366,-44.44689,00:36,3868,2.64,2121,14,203,
JR161,157,1,RMT25,2006-11-17,2006-11-17,MS,"Collins et al., 2012",Stratified,N,-57.38287,-42.63923,-57.33788,-42.64983,00:47,5164,2.43,3445,701,996,1000-700
JR161,157,2,RMT25,2006-11-17,2006-11-17,MS,"Collins et al., 2012",Stratified,N,-57.33711,-42.65031,-57.30093,-42.67235,00:41,4330,2.39,3504,399,703,700-400
JR161,159,1,RMT25,2006-11-17,2006-11-17,MS,"Collins et al., 2012",Stratified,N,-57.28457,-42.78877,-57.30477,-42.84524,00:35,4223,2.45,3453,199,399,
JR161,159,2,RMT25,2006-11-17,2006-11-17,MS,"Collins et al., 2012",Stratified,N,-57.30506,-42.84607,-57.32132,-42.91238,00:35,4601,2.58,3426,14,205,
JR161,160,1,RMT25,2006-11-17,2006-11-17,MS,"Collins et al., 2012",Stratified,Dawn,-57.33063,-42.98516,-57.33952,-43.01792,00:18,2277,2.44,3280,40,68,
JR161,160,2,RMT25,2006-11-17,2006-11-17,MS,"Collins et al., 2012",Stratified,Dawn,-57.33963,-43.01841,-57.34478,-43.05359,00:18,2275,2.51,3208,19,45,
JR161,185,1,RMT25,2006-11-18,2006-11-18,NS1,"Collins et al., 2012",Stratified,D,-55.1522,-41.00508,-55.15652,-41.02045,00:11,1153,2.86,3185,11,28,
JR161,185,2,RMT25,2006-11-18,2006-11-18,NS1,"Collins et al., 2012",Stratified,D,-55.15824,-41.02811,-55.16374,-41.05397,00:20,1874,2.54,3154,88,124,
JR161,186,1,RMT25,2006-11-18,2006-11-18,NS1,"Collins et al., 2012",Stratified,Dusk,-55.15955,-41.03213,-55.16097,-41.04054,00:06,600,2.72,3158,13,28,Krill target
JR161,186,2,RMT25,2006-11-18,2006-11-18,NS1,"Collins et al., 2012",Stratified,Dusk,-55.16111,-41.04093,-55.16529,-41.06031,00:15,1411,2.59,3147,18,30,Krill target
JR161,199,1,RMT25,2006-11-19,2006-11-20,NS1,"Collins et al., 2012",Stratified,N,-55.20728,-41.31846,-55.20885,-41.37548,00:44,3777,2.56,3366,703,1000,1000-700 Night
JR161,199,2,RMT25,2006-11-20,2006-11-20,NS1,"Collins et al., 2012",Stratified,N,-55.20886,-41.37555,-55.20976,-41.44286,00:49,4438,2.57,3458,398,702,700-400
JR161,200,1,RMT25,2006-11-20,2006-11-20,NS1,"Collins et al., 2012",Stratified,N,-55.21101,-41.51251,-55.21173,-41.54053,00:21,1846,2.59,3661,27,55,Krill surface haul
JR161,200,2,RMT25,2006-11-20,2006-11-20,NS1,"Collins et al., 2012",Stratified,N,-55.21174,-41.54126,-55.21257,-41.56838,00:20,1793,2.69,3655,12,35,Krill surface haul
JR161,201,1,RMT25,2006-11-20,2006-11-20,NS1,"Collins et al., 2012",Stratified,N,-55.21362,-41.55298,-55.21268,-41.53807,00:09,987,2.49,3654,149,179,Myctophid target
JR161,201,2,RMT25,2006-11-20,2006-11-20,NS1,"Collins et al., 2012",Stratified,N,-55.21203,-41.52834,-55.21096,-41.51248,00:10,1051,2.45,3664,73,102,Myctophid target
JR161,214,1,RMT25,2006-11-21,2006-11-21,NS1,"Collins et al., 2012",Stratified,N,-55.26003,-41.16059,-55.28953,-41.17929,00:35,3573,2.49,3220,201,400,400-200
JR161,214,2,RMT25,2006-11-21,2006-11-21,NS1,"Collins et al., 2012",Stratified,N,-55.2902,-41.17967,-55.32089,-41.19837,00:34,3692,2.51,3326,14,204,200-10
JR161,215,1,RMT25,2006-11-21,2006-11-21,NS1,"Collins et al., 2012",Stratified,Dawn,-55.24365,-40.93017,-55.25425,-40.94304,00:15,1469,2.45,3250,41,101,
JR161,215,2,RMT25,2006-11-21,2006-11-21,NS1,"Collins et al., 2012",Stratified,Dawn,-55.25457,-40.9434,-55.26638,-40.95763,00:17,1634,2.39,3354,9,49,
JR161,217,1,RMT25,2006-11-21,2006-11-21,NS1,"Collins et al., 2012",Stratified,D,-55.19695,-41.28664,-55.23533,-41.31457,00:47,4733,2.61,3324,700,999,1000-700 Day
JR161,217,2,RMT25,2006-11-21,2006-11-21,NS1,"Collins et al., 2012",Stratified,D,-55.23568,-41.31478,-55.27205,-41.34299,00:45,4545,2.66,3504,399,700,700-400 Day
JR161,218,1,RMT25,2006-11-21,2006-11-21,NS1,"Collins et al., 2012",Stratified,D,-55.32462,-41.38568,-55.35164,-41.41031,00:35,3463,2.33,3557,199,400,400-200 Day
JR161,218,2,RMT25,2006-11-21,2006-11-21,NS1,"Collins et al., 2012",Stratified,D,-55.35203,-41.41068,-55.38284,-41.43916,00:37,3969,2.54,3320,10,206,200-10 Day
JR161,219,1,RMT25,2006-11-21,2006-11-21,NS1,"Collins et al., 2012",Stratified,D,-55.33156,-41.36826,-55.34496,-41.37226,00:15,1548,2.3,3398,203,302,Fish Targets in Daylight
JR161,219,2,RMT25,2006-11-21,2006-11-21,NS1,"Collins et al., 2012",Stratified,D,-55.34587,-41.3726,-55.3568,-41.37623,00:11,1262,2.62,3588,145,204,Fish Targets Daylight
JR161,222,1,RMT25,2006-11-22,,,"Collins et al., 2012",Target,,-55.19136,-41.20732,,,,,,,,,
JR161,228,1,RMT25,2006-11-23,2006-11-23,NS2,"Collins et al., 2012",Stratified,N,-52.85846,-40.09535,-52.84644,-40.08555,00:18,1542,2.47,3791,9,30,
JR161,228,2,RMT25,2006-11-23,2006-11-23,NS2,"Collins et al., 2012",Stratified,N,-52.84598,-40.08505,-52.84585,-40.08492,00:00,18,2.24,3790,18,19,
JR161,229,1,RMT25,2006-11-23,2006-11-23,NS2,"Collins et al., 2012",Stratified,N,-52.87348,-40.10415,-52.87028,-40.10174,00:04,401,2.59,3794,25,31,
JR161,229,2,RMT25,2006-11-23,2006-11-23,NS2,"Collins et al., 2012",Stratified,N,-52.86909,-40.10093,-52.85792,-40.09277,00:16,1397,2.44,3793,26,36,
JR161,230,1,RMT25,2006-11-23,2006-11-23,NS2,"Collins et al., 2012",Stratified,N,-52.86933,-40.09062,-52.86046,-40.08619,00:12,1063,2.38,3794,23,37,not sorted
JR161,230,2,RMT25,2006-11-23,2006-11-23,NS2,"Collins et al., 2012",Stratified,N,-52.86027,-40.08608,-52.85889,-40.08538,00:01,166,2.36,3792,15,28,not sorted
JR161,253,1,RMT25,2006-11-25,2006-11-25,NS2,"Collins et al., 2012",Stratified,N,-53.04312,-40.54345,-53.06423,-40.6007,00:41,4618,2.29,3980,201,398,
JR161,253,2,RMT25,2006-11-25,2006-11-25,NS2,"Collins et al., 2012",Stratified,N,-53.06473,-40.60202,-53.08332,-40.65635,00:36,4292,2.48,3731,14,198,
JR161,265,1,RMT25,2006-11-26,2006-11-26,NS2,"Collins et al., 2012",Stratified,N,-52.92431,-40.37714,-52.94488,-40.34438,00:35,3282,2.27,3814,20,201,200-0
JR161,265,2,RMT25,2006-11-26,2006-11-26,NS2,"Collins et al., 2012",Stratified,N,-52.94922,-40.33891,-52.95985,-40.32592,00:15,1504,2.36,3821,61,75,target layer 60-80
JR161,267,1,RMT25,2006-11-26,2006-11-26,NS2,"Collins et al., 2012",Stratified,D,-52.8492,-40.01896,-52.89626,-40.03611,00:53,5489,2.44,3795,701,998,1000-700
JR161,267,2,RMT25,2006-11-26,2006-11-26,NS2,"Collins et al., 2012",Stratified,D,-52.89659,-40.03626,-52.93954,-40.05819,00:49,5114,2.48,3805,401,702,700-400
JR161,269,1,RMT25,2006-11-26,2006-11-26,NS2,"Collins et al., 2012",Target,N,-52.86871,-40.09751,,,,,,,,,
JR161,269,2,RMT25,2006-11-26,2006-11-27,NS2,"Collins et al., 2012",Target,N,-52.86871,-40.09751,,,,,,,,,
JR161,270,1,RMT25,2006-11-27,2006-11-27,NS2,"Collins et al., 2012",Stratified,N,-52.97861,-40.10709,-52.98217,-40.11119,00:05,493,2.81,3825,14,29,krill mark 10 - 20 m
JR161,270,2,RMT25,2006-11-27,2006-11-27,NS2,"Collins et al., 2012",Target,N,-52.98279,-40.11182,-52.99083,-40.12013,00:10,1077,2.81,3827,19,21,
JR161,273,1,RMT25,2006-11-27,2006-11-28,PF,"Collins et al., 2012",Stratified,N,-49.9972,-38.01758,-50.02714,-38.05842,00:43,4538,2.6,5129,695,992,Stratified 1000-700 45 mins
JR161,273,2,RMT25,2006-11-28,2006-11-28,PF,"Collins et al., 2012",Stratified,N,-50.02769,-38.05911,-50.06427,-38.09933,00:47,5111,2.7,5121,399,700,700-400
JR161,275,1,RMT25,2006-11-28,2006-11-28,PF,"Collins et al., 2012",Stratified,N,-50.12285,-38.14067,-50.1579,-38.16254,00:40,4274,2.43,5102,199,400,400-200
JR161,275,2,RMT25,2006-11-28,2006-11-28,PF,"Collins et al., 2012",Stratified,N,-50.15834,-38.16285,-50.18926,-38.18652,00:40,3901,2.46,5091,16,204,200-15
JR161,282,1,RMT25,2006-11-28,2006-11-28,PF,"Collins et al., 2012",Stratified,D,-50.022,-38.09639,-50.0201,-38.1392,00:38,3166,2.43,5115,200,400,400-200
JR161,282,2,RMT25,2006-11-28,2006-11-28,PF,"Collins et al., 2012",Stratified,D,-50.02009,-38.13965,-50.01485,-38.18098,00:40,3206,2.49,5106,16,200,200-15
JR161,283,1,RMT25,2006-11-28,2006-11-28,PF,"Collins et al., 2012",Stratified,D,-49.9731,-38.01571,-49.95129,-38.05552,00:46,4025,2.49,5126,701,998,1000-700
JR161,283,2,RMT25,2006-11-28,2006-11-28,PF,"Collins et al., 2012",Stratified,D,-49.95108,-38.05593,-49.92787,-38.099,00:45,4222,2.5,5116,399,702,700-400
JR161,294,1,RMT25,2006-11-30,2006-11-30,PF,"Collins et al., 2012",Stratified,D,-50.0001,-38.23041,-49.99001,-38.2511,00:21,1988,2.85,5086,178,206,
JR161,294,2,RMT25,2006-11-30,2006-11-30,PF,"Collins et al., 2012",Stratified,D,-49.98985,-38.25146,-49.98385,-38.27644,00:22,2059,2.5,5078,166,212,
JR177,29,1,RMT25,2008-01-02,2008-01-02,WS,"Collins et al., 2012",Stratified,D,-57.73938,-50.38235,-57.73705,-50.38891,00:07,518,2.99,4160,89,174,
JR177,29,2,RMT25,2008-01-02,2008-01-02,WS,"Collins et al., 2012",Stratified,D,-57.73669,-50.38987,-57.73409,-50.39632,00:07,529,2.97,4163,16,78,
JR177,64,1,RMT25,2008-01-05,2008-01-05,SS,"Collins et al., 2012",Target,,-60.48847,-48.31994,-60.48458,-48.39063,00:46,4143,2.34,1748,402,1005,Problems with net release
JR177,74,1,RMT25,2008-01-05,2008-01-05,SS,"Collins et al., 2012",Stratified,D,-60.50098,-48.26403,-60.49981,-48.32384,00:40,3452,2.31,1744,206,400,
JR177,74,2,RMT25,2008-01-05,2008-01-05,SS,"Collins et al., 2012",Stratified,D,-60.49996,-48.32525,-60.50662,-48.37709,00:39,3146,2.35,1851,13,203,
JR177,75,1,RMT25,2008-01-05,2008-01-06,SS,"Collins et al., 2012",Stratified,D,-60.5238,-48.23603,-60.54186,-48.29269,00:47,3979,2.36,1901,404,700,
JR177,76,1,RMT25,2008-01-06,2008-01-06,SS,"Collins et al., 2012",Target,,-60.52278,-48.20329,-60.55523,-48.19581,00:40,3699,2.65,1838,204,402,
JR177,76,2,RMT25,2008-01-06,2008-01-06,SS,"Collins et al., 2012",Target,,-60.55605,-48.19565,-60.58256,-48.19266,00:34,3004,2.37,2064,14,207,
JR177,78,1,RMT25,2008-01-06,2008-01-06,SS,"Collins et al., 2012",Stratified,D,-60.57852,-48.23127,-60.59134,-48.24312,00:20,1612,2.13,2161,845,996,
JR177,78,2,RMT25,2008-01-06,2008-01-06,SS,"Collins et al., 2012",Stratified,D,-60.59271,-48.24447,-60.60675,-48.261,00:22,1864,2.46,2189,700,850,
JR177,79,1,RMT25,2008-01-06,2008-01-06,SS,"Collins et al., 2012",Stratified,D,-60.52701,-48.12236,-60.52927,-48.12753,00:05,404,1.91,1398,48,69,
JR177,79,2,RMT25,2008-01-06,2008-01-06,SS,"Collins et al., 2012",Stratified,D,-60.52928,-48.12755,-60.53122,-48.13209,00:04,344,2.12,1401,55,73,
JR177,97,1,RMT25,2008-01-08,2008-01-08,SS,"Collins et al., 2012",Stratified,D,-60.25458,-44.46887,-60.25159,-44.46468,00:05,414,2.85,5390,48,64,
JR177,97,2,RMT25,2008-01-08,2008-01-08,SS,"Collins et al., 2012",Stratified,D,-60.25038,-44.46291,-60.24726,-44.4585,00:05,433,2.87,5429,41,49,
JR177,102,1,RMT25,2008-01-09,2008-01-09,SS,"Collins et al., 2012",Target,N,-60.18345,-44.38473,-60.17719,-44.37938,00:10,772,2.13,5400,169,204,
JR177,102,2,RMT25,2008-01-09,2008-01-09,SS,"Collins et al., 2012",Target,N,-60.17534,-44.37775,-60.14922,-44.35516,00:43,3241,2.24,5334,0,202,
JR177,108,1,RMT25,2008-01-09,2008-01-09,SS,"Collins et al., 2012",Stratified,D,-60.17913,-44.36067,-60.16646,-44.3422,00:21,1788,2.65,5384,408,703,
JR177,108,2,RMT25,2008-01-09,2008-01-09,SS,"Collins et al., 2012",Stratified,D,-60.16578,-44.34132,-60.15403,-44.32496,00:19,1626,2.54,5336,198,409,
JR177,123,1,RMT25,2008-01-12,2008-01-13,SS,"Collins et al., 2012",Stratified,N,-60.19794,-44.43843,-60.19652,-44.50785,00:51,4016,1.46,5447,698,998,
JR177,123,2,RMT25,2008-01-13,2008-01-13,SS,"Collins et al., 2012",Stratified,N,-60.19647,-44.50928,-60.19541,-44.58878,00:48,4534,2.17,5453,400,710,
JR177,124,1,RMT25,2008-01-13,2008-01-13,SS,"Collins et al., 2012",Stratified,N,-60.18836,-44.72143,-60.18493,-44.77853,00:40,3321,2.3,5252,194,406,
JR177,124,2,RMT25,2008-01-13,2008-01-13,SS,"Collins et al., 2012",Stratified,N,-60.18491,-44.78012,-60.18569,-44.84281,00:40,3584,2.8,5042,8,207,
JR177,155,1,RMT25,2008-01-15,2008-01-15,SS,"Collins et al., 2012",Stratified,D,-59.6629,-43.96003,-59.66447,-43.96611,00:05,414,2.7,4105,58,81,
JR177,155,2,RMT25,2008-01-15,2008-01-15,SS,"Collins et al., 2012",Stratified,D,-59.66478,-43.96737,-59.66648,-43.97389,00:05,441,2.91,4115,58,71,
JR177,158,1,RMT25,2008-01-16,2008-01-16,SS,"Collins et al., 2012",Stratified,N,-59.68493,-44.03885,-59.69755,-44.0936,00:46,3685,3.09,4156,701,998,
JR177,158,2,RMT25,2008-01-16,2008-01-16,SS,"Collins et al., 2012",Stratified,N,-59.69955,-44.10131,-59.71701,-44.15937,00:47,4069,3.55,4213,403,704,
JR177,161,1,RMT25,2008-01-16,2008-01-16,SS,"Collins et al., 2012",Stratified,N,-59.67934,-44.02851,-59.69381,-44.08786,00:46,3981,2.93,4260,203,404,
JR177,161,2,RMT25,2008-01-16,2008-01-16,SS,"Collins et al., 2012",Stratified,N,-59.6941,-44.08917,-59.70947,-44.15117,00:47,4161,2.91,4386,11,209,
JR177,165,1,RMT25,2008-01-16,2008-01-16,SS,"Collins et al., 2012",Stratified,D,-59.67314,-44.05848,-59.6811,-44.12875,00:49,4287,3.26,4151,700,1001,
JR177,165,2,RMT25,2008-01-16,2008-01-16,SS,"Collins et al., 2012",Stratified,D,-59.68178,-44.13571,-59.68653,-44.20495,00:46,4115,3.36,3839,400,699,
JR177,166,1,RMT25,2008-01-16,2008-01-16,SS,"Collins et al., 2012",Stratified,D,-59.67255,-43.9944,-59.68331,-44.04934,00:44,3582,2.76,4235,202,401,
JR177,166,2,RMT25,2008-01-16,2008-01-16,SS,"Collins et al., 2012",Stratified,D,-59.68435,-44.05501,-59.69407,-44.1102,00:42,3537,2.8,4157,12,203,
JR177,196,1,RMT25,2008-01-19,2008-01-19,MS,"Collins et al., 2012",Stratified,D,-58.02288,-42.97162,-58.0229,-42.98166,00:07,602,2.69,2839,43,53,
JR177,196,2,RMT25,2008-01-19,2008-01-19,MS,"Collins et al., 2012",Stratified,D,-58.02293,-42.98466,-58.02307,-42.99298,00:06,502,2.54,2846,20,53,
JR177,197,1,RMT25,2008-01-19,2008-01-19,MS,"Collins et al., 2012",Stratified,D,-58.0231,-42.97981,-58.02301,-43.02189,00:30,2537,2.53,2854,150,259,
JR177,197,2,RMT25,2008-01-19,2008-01-19,MS,"Collins et al., 2012",Stratified,D,-58.02301,-43.02192,-58.02314,-43.04266,00:15,1252,2.51,2878,146,162,
JR177,198,1,RMT25,2008-01-19,2008-01-20,MS,"Collins et al., 2012",Stratified,N,-58.02556,-42.92614,-58.02163,-42.97764,00:46,3300,1.94,2823,698,1010,
JR177,198,2,RMT25,2008-01-20,2008-01-20,MS,"Collins et al., 2012",Stratified,N,-58.02163,-42.9804,-58.01841,-43.04232,00:50,3826,2.2,2862,399,705,
JR177,199,1,RMT25,2008-01-20,2008-01-20,MS,"Collins et al., 2012",Stratified,N,-58.01437,-43.04899,-58.01055,-43.10982,00:47,3760,2.47,2899,204,414,
JR177,199,2,RMT25,2008-01-20,2008-01-20,MS,"Collins et al., 2012",Stratified,N,-58.01016,-43.11951,-58.00862,-43.16935,00:38,3043,2.56,2940,43,190,
JR177,205,1,RMT25,2008-01-20,2008-01-20,MS,"Collins et al., 2012",Stratified,D,-58.02133,-42.96967,-58.02073,-43.03384,00:48,3892,2.31,2857,704,1003,
JR177,205,2,RMT25,2008-01-20,2008-01-20,MS,"Collins et al., 2012",Stratified,D,-58.02077,-43.04102,-58.02063,-43.10266,00:45,3747,2.48,2897,408,710,
JR177,206,1,RMT25,2008-01-20,2008-01-20,MS,"Collins et al., 2012",Stratified,D,-58.02808,-42.95515,-58.02533,-43.01664,00:46,3785,2.52,2844,398,696,
JR177,206,2,RMT25,2008-01-20,2008-01-20,MS,"Collins et al., 2012",Stratified,D,-58.02523,-43.01802,-58.02235,-43.07714,00:45,3638,2.6,2883,203,413,
JR177,207,1,RMT25,2008-01-20,2008-01-20,MS,"Collins et al., 2012",Stratified,D,-58.02077,-43.14094,-58.02101,-43.17991,00:31,2396,2.53,2955,10,209,
JR177,207,2,RMT25,2008-01-20,2008-01-20,MS,"Collins et al., 2012",Target,D,-58.0211,-43.18117,-58.02124,-43.18765,00:05,395,2.61,2993,2,18,
JR177,250,1,RMT25,2008-01-27,2008-01-27,NS1,"Collins et al., 2012",Stratified,D,-55.20493,-41.23573,-55.21936,-41.28888,00:46,4026,2.59,3278,702,1000,
JR177,250,2,RMT25,2008-01-27,2008-01-27,NS1,"Collins et al., 2012",Stratified,D,-55.22201,-41.29718,-55.23712,-41.34629,00:45,3832,2.52,3397,400,704,
JR177,251,1,RMT25,2008-01-27,2008-01-27,NS1,"Collins et al., 2012",Stratified,D,-55.19817,-41.2037,-55.21437,-41.25567,00:45,4036,2.35,3231,202,401,
JR177,251,2,RMT25,2008-01-27,2008-01-27,NS1,"Collins et al., 2012",Stratified,D,-55.21479,-41.25683,-55.2342,-41.31057,00:48,4315,2.44,3338,11,214,
JR177,252,1,RMT25,2008-01-27,2008-01-27,NS1,"Collins et al., 2012",Target,N,-55.19592,-41.19759,-55.19746,-41.20266,00:05,396,2.22,3198,50,64,
JR177,252,2,RMT25,2008-01-27,2008-01-27,NS1,"Collins et al., 2012",Target,N,-55.19779,-41.20355,-55.19924,-41.20917,00:06,433,2.07,3212,54,76,
JR177,253,1,RMT25,2008-01-28,2008-01-28,NS1,"Collins et al., 2012",Target,N,-55.1948,-41.19333,-55.19718,-41.20233,00:11,707,1.97,3190,5,33,
JR177,253,2,RMT25,2008-01-28,2008-01-28,NS1,"Collins et al., 2012",Target,N,-55.19718,-41.20235,-55.20029,-41.21299,00:11,836,2.29,3213,6,21,
JR177,254,1,RMT25,2008-01-28,2008-01-28,NS1,"Collins et al., 2012",Stratified,N,-55.18761,-41.2159,-55.20765,-41.24858,00:46,3343,2.21,3227,191,402,
JR177,254,2,RMT25,2008-01-28,2008-01-28,NS1,"Collins et al., 2012",Stratified,N,-55.20766,-41.2486,-55.22914,-41.28439,00:46,3542,2.37,3298,8,201,
JR177,255,1,RMT25,2008-01-28,2008-01-28,NS1,"Collins et al., 2012",Stratified,N,-55.1943,-41.22652,-55.21888,-41.26179,00:45,3732,2.54,3248,702,1006,
JR177,255,2,RMT25,2008-01-28,2008-01-28,NS1,"Collins et al., 2012",Stratified,N,-55.21947,-41.26265,-55.24618,-41.29806,00:45,3874,2.7,3357,400,708,
JR177,295,1,RMT25,2008-02-02,2008-02-02,NS2,"Collins et al., 2012",Stratified,N,-52.85697,-40.10605,-52.86833,-40.05697,00:45,3808,2.06,3793,700,1000,
JR177,295,2,RMT25,2008-02-02,2008-02-02,NS2,"Collins et al., 2012",Stratified,N,-52.86945,-40.05194,-52.87832,-39.99682,00:48,4094,2.11,3796,407,703,
JR177,300,1,RMT25,2008-02-02,2008-02-02,NS2,"Collins et al., 2012",Stratified,D,-52.85434,-40.08504,-52.86943,-40.12653,00:45,3561,1.72,3792,708,1002,
JR177,300,2,RMT25,2008-02-02,2008-02-02,NS2,"Collins et al., 2012",Stratified,D,-52.87081,-40.13034,-52.88759,-40.17657,00:46,3908,1.8,3795,401,706,
JR177,301,1,RMT25,2008-02-02,2008-02-02,NS2,"Collins et al., 2012",Stratified,D,-52.8958,-40.20527,-52.88069,-40.15941,00:46,3804,2.88,3797,203,402,
JR177,301,2,RMT25,2008-02-02,2008-02-02,NS2,"Collins et al., 2012",Stratified,D,-52.87858,-40.15288,-52.86261,-40.10797,00:44,3770,2.87,3794,2,201,
JR177,305,1,RMT25,2008-02-03,2008-02-03,NS2,"Collins et al., 2012",Stratified,N,-52.83069,-40.12364,-52.85451,-40.10139,00:46,3243,2.31,3789,200,401,
JR177,305,2,RMT25,2008-02-03,2008-02-03,NS2,"Collins et al., 2012",Stratified,N,-52.85782,-40.09805,-52.88252,-40.07248,00:45,3405,2.45,3794,16,206,
JR177,328,1,RMT25,2008-02-05,2008-02-05,NS2,"Collins et al., 2012",Stratified,N,-52.72346,-39.08043,-52.72682,-39.03488,00:45,3239,2.16,3725,204,405,
JR177,328,2,RMT25,2008-02-05,2008-02-05,NS2,"Collins et al., 2012",Stratified,N,-52.72719,-39.03011,-52.7314,-38.9753,00:46,3870,2.68,3719,12,205,
JR177,329,1,RMT25,2008-02-05,2008-02-05,NS2,"Collins et al., 2012",Stratified,N,-52.72437,-39.05471,-52.73811,-39.00869,00:46,3760,2.43,3723,704,1002,
JR177,329,2,RMT25,2008-02-05,2008-02-05,NS2,"Collins et al., 2012",Stratified,N,-52.73875,-39.00659,-52.75432,-38.95231,00:49,4341,2.82,3716,401,701,
JR177,334,1,RMT25,2008-02-05,2008-02-05,NS2,"Collins et al., 2012",Stratified,D,-52.61979,-39.12106,-52.64027,-39.08588,00:45,3584,2.27,3730,703,1007,
JR177,334,2,RMT25,2008-02-05,2008-02-05,NS2,"Collins et al., 2012",Stratified,D,-52.64078,-39.08508,-52.66707,-39.04344,00:47,4280,2.8,3725,407,720,
JR177,335,1,RMT25,2008-02-05,2008-02-05,NS2,"Collins et al., 2012",Stratified,D,-52.60983,-39.14838,-52.63135,-39.10846,00:45,3854,2.52,3728,199,400,
JR177,335,2,RMT25,2008-02-05,2008-02-05,NS2,"Collins et al., 2012",Stratified,D,-52.63135,-39.10846,-52.65503,-39.06813,00:44,3988,2.68,3727,3,209,
JR177,346,1,RMT25,2008-02-06,2008-02-06,PF,"Collins et al., 2012",Stratified,D,-50.49209,-33.93446,-50.499,-33.9872,00:45,4040,2.91,4752,199,401,
JR177,346,2,RMT25,2008-02-06,2008-02-06,PF,"Collins et al., 2012",Stratified,D,-50.49964,-33.99215,-50.50172,-34.03358,00:35,3117,2.63,4759,10,201,
JR177,357,1,RMT25,2008-02-06,2008-02-07,PF,"Collins et al., 2012",Target,N,-50.54972,-34.04785,-50.48951,-34.11479,01:41,8619,3.11,4767,0,207,
JR177,378,1,RMT25,2008-02-10,2008-02-10,NS2,"Collins et al., 2012",Stratified,N,-53.57161,-37.65881,-53.60338,-37.66514,00:45,3709,2.48,1098,199,400,
JR177,379,1,RMT25,2008-02-10,2008-02-10,NS2,"Collins et al., 2012",Stratified,N,-53.5778,-37.6575,-53.60221,-37.66105,00:36,2838,2.33,1075,26,211,
JR177,379,2,RMT25,2008-02-10,2008-02-10,NS2,"Collins et al., 2012",Stratified,N,-53.60608,-37.66165,-53.60693,-37.66181,00:01,98,3.11,796,56,64,
JR200,17,1,RMT25,2009-03-16,2009-03-16,SS,"Collins et al., 2012",Stratified,N,-60.49346,-48.22799,-60.48858,-48.26536,00:30,2332,1.61,1508,196,405,
JR200,17,2,RMT25,2009-03-16,2009-03-16,SS,"Collins et al., 2012",Stratified,N,-60.48846,-48.26628,-60.48476,-48.31235,00:34,2742,2.05,1656,12,202,
JR200,18,1,RMT25,2009-03-16,2009-03-16,SS,"Collins et al., 2012",Stratified,N,-60.46869,-48.44554,,,00:31,,,,,,
JR200,18,2,RMT25,2009-03-16,2009-03-16,SS,"Collins et al., 2012",Stratified,N,-60.46869,-48.44554,-60.46437,-48.48383,00:30,2342,1.7,1700,400,703,
JR200,42,1,RMT25,2009-03-19,2009-03-19,SS,"Collins et al., 2012",Stratified,N,-60.21817,-44.2891,-60.25182,-44.26329,00:45,4094,2.69,5458,200,401,
JR200,42,2,RMT25,2009-03-19,2009-03-19,SS,"Collins et al., 2012",Stratified,N,-60.25222,-44.26295,-60.28344,-44.23465,00:44,3897,2.76,4615,11,208,
JR200,43,1,RMT25,2009-03-19,2009-03-19,SS,"Collins et al., 2012",Stratified,N,-60.26713,-44.30719,-60.28595,-44.31564,00:30,2219,2.29,5409,695,1002,
JR200,43,2,RMT25,2009-03-19,2009-03-19,SS,"Collins et al., 2012",Stratified,N,-60.28653,-44.31593,-60.30747,-44.32505,00:31,2457,2.41,5277,400,702,
JR200,55,1,RMT25,2009-03-20,2009-03-20,SS,"Collins et al., 2012",Stratified,N,-59.68831,-44.06698,-59.72225,-44.09084,00:45,4130,2.82,4284,200,401,
JR200,55,2,RMT25,2009-03-20,2009-03-20,SS,"Collins et al., 2012",Stratified,N,-59.72258,-44.09103,-59.74636,-44.10446,00:32,2853,2.68,4379,15,208,
JR200,56,1,RMT25,2009-03-20,2009-03-20,SS,"Collins et al., 2012",Stratified,N,-59.69799,-44.08465,-59.72211,-44.14066,00:47,4307,2.59,4210,698,1002,
JR200,56,2,RMT25,2009-03-20,2009-03-20,SS,"Collins et al., 2012",Stratified,N,-59.7224,-44.1413,-59.74692,-44.19082,00:45,4049,2.6,4247,397,704,
JR200,81,1,RMT25,2009-03-23,2009-03-23,MS,"Collins et al., 2012",Stratified,N,-58.03388,-42.98555,-58.0142,-42.94729,00:47,3462,2.43,2892,203,409,
JR200,81,2,RMT25,2009-03-23,2009-03-23,MS,"Collins et al., 2012",Stratified,N,-58.01252,-42.94373,-58.00135,-42.91931,00:30,2127,2.42,2842,12,220,
JR200,82,1,RMT25,2009-03-23,2009-03-23,MS,"Collins et al., 2012",Stratified,N,-58.05015,-42.9666,-58.02582,-42.9186,00:45,4077,2.49,2947,688,1003,
JR200,82,2,RMT25,2009-03-23,2009-03-23,MS,"Collins et al., 2012",Stratified,N,-58.02509,-42.91734,-57.99893,-42.86742,00:45,4260,2.73,2911,400,696,
JR200,100,1,RMT25,2009-03-25,2009-03-25,MS,"Collins et al., 2012",Stratified,N,-58.02304,-43.0152,-58.01606,-43.05199,00:30,2512,2.35,2921,198,401,
JR200,100,2,RMT25,2009-03-25,2009-03-25,MS,"Collins et al., 2012",Stratified,N,-58.01576,-43.05336,-58.00706,-43.09339,00:32,2778,2.28,2920,25,204,
JR200,101,1,RMT25,2009-03-25,2009-03-25,MS,"Collins et al., 2012",Stratified,N,-58.01727,-43.06702,-58.0103,-43.12679,00:45,3904,2.15,2933,698,1000,
JR200,101,2,RMT25,2009-03-25,2009-03-25,MS,"Collins et al., 2012",Stratified,N,-58.01004,-43.12808,-57.99664,-43.19438,00:46,4519,2.49,2971,400,704,
JR200,115,1,RMT25,2009-03-27,2009-03-27,MS,"Collins et al., 2012",Stratified,N,-56.80634,-42.23276,-56.79989,-42.26203,00:30,2196,2.25,3003,201,406,
JR200,115,2,RMT25,2009-03-27,2009-03-27,MS,"Collins et al., 2012",Stratified,N,-56.79974,-42.26272,-56.7947,-42.28334,00:22,1558,2.26,3004,52,211,
JR200,127,1,RMT25,2009-03-27,2009-03-27,MS,"Collins et al., 2012",Stratified,N,-56.76525,-42.22536,-56.76296,-42.2714,00:45,3036,2.27,3036,693,1002,
JR200,127,2,RMT25,2009-03-27,2009-03-28,MS,"Collins et al., 2012",Stratified,N,-56.76291,-42.27294,-56.76123,-42.32036,00:46,3119,2.21,3447,399,701,
JR200,128,1,RMT25,2009-03-28,2009-03-28,MS,"Collins et al., 2012",Stratified,N,-56.76825,-42.18029,-56.76776,-42.19628,00:20,1084,2.21,3565,245,274,
JR200,128,2,RMT25,2009-03-28,2009-03-28,MS,"Collins et al., 2012",Stratified,N,-56.76776,-42.19669,-56.76652,-42.21371,00:20,1154,2.19,4067,247,270,
JR200,141,1,RMT25,2009-03-30,2009-03-30,NS1,"Collins et al., 2012",Stratified,N,-55.26539,-41.34794,-55.24651,-41.36377,00:31,2470,2.11,3572,202,402,
JR200,141,2,RMT25,2009-03-30,2009-03-30,NS1,"Collins et al., 2012",Stratified,N,-55.2462,-41.36407,-55.22741,-41.38156,00:30,2493,2.29,3495,35,209,
JR200,142,1,RMT25,2009-03-30,2009-03-30,NS1,"Collins et al., 2012",Stratified,N,-55.24337,-41.36592,-55.22054,-41.38853,00:44,3166,2.04,3415,696,1005,
JR200,142,2,RMT25,2009-03-30,2009-03-30,NS1,"Collins et al., 2012",Stratified,N,-55.21992,-41.38911,-55.19717,-41.41171,00:45,3168,2.01,3259,400,701,
JR200,184,1,RMT25,2009-04-04,2009-04-04,NS2,"Collins et al., 2012",Target,,-52.80751,-40.05762,-52.81134,-39.93183,,,,,,,
JR200,184,2,RMT25,2009-04-04,2009-04-04,NS2,"Collins et al., 2012",Target,,-52.80751,-40.05762,-52.81134,-39.93183,,,,,,,
JR200,185,1,RMT25,2009-04-04,2009-04-04,NS2,"Collins et al., 2012",Stratified,N,-52.81556,-39.95187,-52.82202,-39.90333,00:45,3573,2.03,3792,699,1000,
JR200,185,2,RMT25,2009-04-04,2009-04-04,NS2,"Collins et al., 2012",Stratified,N,-52.82214,-39.90248,-52.82949,-39.85063,00:46,3840,1.97,3794,401,704,
JR200,225,1,RMT25,2009-04-09,2009-04-10,PF,"Collins et al., 2012",Stratified,N,-50.04739,-33.90005,-50.04189,-33.83017,00:43,5184,1.77,5041,699,1000,
JR200,225,2,RMT25,2009-04-10,2009-04-10,PF,"Collins et al., 2012",Stratified,N,-50.04184,-33.82883,-50.03833,-33.74314,00:47,6273,2.16,5058,400,705,
JR200,226,1,RMT25,2009-04-10,2009-04-10,PF,"Collins et al., 2012",Stratified,N,-50.04726,-33.74312,-50.04474,-33.66765,00:45,5529,1.8,5026,202,402,
JR200,226,2,RMT25,2009-04-10,2009-04-10,PF,"Collins et al., 2012",Stratified,N,-50.04472,-33.66657,-50.04409,-33.58705,00:45,5789,1.79,5048,31,209,
JR200,227,1,RMT25,2009-04-10,2009-04-10,PF,"Collins et al., 2012",Stratified,N,-50.04964,-33.61238,-50.0496,-33.55812,00:30,3957,1.88,5035,518,554,
JR200,227,2,RMT25,2009-04-10,2009-04-10,PF,"Collins et al., 2012",Stratified,N,-50.05018,-33.51203,-50.05102,-33.46694,00:25,3282,1.86,5021,285,321,
JR200,235,1,RMT25,2009-04-10,2009-04-10,PF,"Collins et al., 2012",Stratified,N,-50.60038,-33.83977,-50.59824,-33.79481,00:47,3328,1.93,4859,201,409,
JR200,235,2,RMT25,2009-04-10,2009-04-10,PF,"Collins et al., 2012",Stratified,N,-50.59822,-33.79433,-50.59566,-33.75861,00:42,2693,1.97,4825,10,212,
JR200,236,1,RMT25,2009-04-11,2009-04-11,PF,"Collins et al., 2012",Stratified,N,-50.59647,-33.80679,-50.58998,-33.77351,00:44,2720,1.97,4802,700,1010,
JR200,236,2,RMT25,2009-04-11,2009-04-11,PF,"Collins et al., 2012",Stratified,N,-50.5899,-33.7732,-50.58547,-33.73926,00:45,2661,2.09,4756,397,702,
JR200,237,1,RMT25,2009-04-11,2009-04-11,PF,"Collins et al., 2012",Stratified,N,-50.59979,-33.82353,-50.60351,-33.80146,00:25,1747,2.18,4891,543,603,
JR200,237,2,RMT25,2009-04-11,2009-04-11,PF,"Collins et al., 2012",Stratified,N,-50.60576,-33.7811,-50.60777,-33.76087,00:25,1555,2.14,4937,286,325,
